{"cameraMode":{"drawMode":0,"name":"Shaded","section":"Shading Mode"},"sceneLighting":false,"audioPlay":false,"sceneViewState":{"showFog":true,"showMaterialUpdate":false,"showSkybox":false,"showFlares":true,"showImageEffects":true,"showParticleSystems":true},"in2DMode":false,"pivot":{"x":0.7056342363357544,"y":-0.08234524726867676,"z":-0.6802965402603149},"rotation":{"x":0.1985793113708496,"y":0.49352550506591799,"z":-0.11685798317193985,"w":0.8386583924293518},"size":2.475001811981201,"orthographic":false}